PartieID,Carte,ModeDeJeu,LienVideo,Debut,Fin,Duree,Status,Date,Version,Commentaire
1,Ile,Classique,Un nouveau jeu de MENSONGES et TRAHISONS !!! Lycans (le jeu d'Onutrem),00:04:08,00:18:24,00:14:16,OK,2023-10-13,Vanilla,Kill loups manquants
2,Ile,Classique,Un nouveau jeu de MENSONGES et TRAHISONS !!! Lycans (le jeu d'Onutrem),00:20:45,00:34:14,00:13:29,OK,2023-10-13,Vanilla,Kill loups manquants
3,Ile,Classique,Un nouveau jeu de MENSONGES et TRAHISONS !!! Lycans (le jeu d'Onutrem),00:38:18,00:49:17,00:10:59,OK,2023-10-13,Vanilla,Kill loups manquants
4,Ile,Classique,Un nouveau jeu de MENSONGES et TRAHISONS !!! Lycans (le jeu d'Onutrem),00:51:48,01:05:10,00:13:22,OK,2023-10-13,Vanilla,Kill loups manquants
5,Ile,Classique,Un nouveau jeu de MENSONGES et TRAHISONS !!! Lycans (le jeu d'Onutrem),01:06:36,01:25:12,00:18:36,OK,2023-10-13,Vanilla,Kill loups manquants
6,Ile,Classique,Un nouveau jeu de MENSONGES et TRAHISONS !!! Lycans (le jeu d'Onutrem),01:06:36,01:42:00,00:35:24,OK,2023-10-13,Vanilla,Complet
7,Ile,Classique,Un nouveau jeu de MENSONGES et TRAHISONS !!! Lycans (le jeu d'Onutrem),01:44:11,01:56:08,00:11:57,OK,2023-10-13,Vanilla,Kill loups manquants
8,Ile,Classique,Un nouveau jeu de MENSONGES et TRAHISONS !!! Lycans (le jeu d'Onutrem),01:58:18,02:12:10,00:13:52,OK,2023-10-13,Vanilla,Kill loups manquants
9,Ile,Classique,Un nouveau jeu de MENSONGES et TRAHISONS !!! Lycans (le jeu d'Onutrem),02:14:42,02:36:21,00:21:39,OK,2023-10-13,Vanilla,Kill loups manquants
10,Ile,Classique,Un nouveau jeu de MENSONGES et TRAHISONS !!! Lycans (le jeu d'Onutrem),02:37:38,02:53:02,00:15:24,OK,2023-10-13,Vanilla,Kill loups manquants
11,Ile,Classique,Nous sommes les SAUVEURS de la game - Lycans,00:00:02,00:13:12,00:13:10,OK,2025-18-07,Mod0.162,Info partielles
12,Ile,Classique,Nous sommes les SAUVEURS de la game - Lycans,00:16:27,00:30:27,00:14:00,OK,2025-18-07,Mod0.162,Info partielles
13,Ile,Classique,Nous sommes les SAUVEURS de la game - Lycans,00:32:09,00:41:35,00:09:26,OK,2025-18-07,Mod0.162,Info partielles
14,Ile,Classique,MASTERCLASS de l'idiot - Lycans,00:00:03,00:04:01,00:03:58,OK,2025-18-07,Mod0.162,Info partielles
15,Ile,Classique,MASTERCLASS de l'idiot - Lycans,00:05:42,00:14:18,00:08:36,OK,2025-18-07,Mod0.162,Info partielles
16,Ile,Classique,MASTERCLASS de l'idiot - Lycans,00:15:35,00:26:38,00:11:03,OK,2025-18-07,Mod0.162,Info partielles
17,Ile,Classique,MASTERCLASS de l'idiot - Lycans,00:30:11,00:38:27,00:08:16,OK,2025-18-07,Mod0.162,Info partielles
,,,,,,0,,,,
